MODEL NAME, MAE, MSE, RMSE, R2 TRAIN, R2 TEST, OVERFITTING GAP
Model V1 (Max Leaf Nodes 250),217389.33592,126693479499.11496,355940.27519,0.86399,0.68104,0.18295
Model V4 (Depth 5 & Leaf 32),257764.10475,145179369290.27103,381024.10592,0.65181,0.63451,0.0173
Model V2 - Feature Selection (Depth 5),262964.08011,149157739491.132,386209.45029,0.62788,0.62449,0.00339
Model V3 - Missing Values (Depth 5),257764.10475,145179369290.27103,381024.10592,0.65181,0.63451,0.0173
Model V1 (Max Leaf Nodes 250),217389.33592,126693479499.11496,355940.27519,0.86399,0.68104,0.18295
